<?xml version="1.0" encoding="UTF-8" standalone="no"?>
<ITRETURN:ITR xmlns:ITRETURN="http://incometaxindiaefiling.gov.in/main" xmlns:ITR1FORM="http://incometaxindiaefiling.gov.in/ITR1" xmlns:ITRForm="http://incometaxindiaefiling.gov.in/master" xmlns:xsi="http://www.w3.org/2001/XMLSchema-instance">
  <ITR1FORM:ITR1>
    <ITRForm:CreationInfo>
			<ITRForm:SWVersionNo>1.0</ITRForm:SWVersionNo>
			<ITRForm:SWCreatedBy>SW10000002</ITRForm:SWCreatedBy>
			<ITRForm:XMLCreatedBy>SW10000002</ITRForm:XMLCreatedBy>
			<ITRForm:XMLCreationDate>2015-08-12</ITRForm:XMLCreationDate>
			<ITRForm:IntermediaryCity>Delhi</ITRForm:IntermediaryCity>
			<ITRForm:Digest>cnv/65rCOYohiSDdHdTcBYdf7VQGOUENQcL/hBRnqhk=</ITRForm:Digest>
		</ITRForm:CreationInfo>
		<ITRForm:Form_ITR1>
			<ITRForm:FormName>ITR-1</ITRForm:FormName>
			<ITRForm:Description>For Indls having Income from Salary, Pension, family pension and Interest</ITRForm:Description>
			<ITRForm:AssessmentYear>2015</ITRForm:AssessmentYear>
			<ITRForm:SchemaVer>Ver1.0</ITRForm:SchemaVer>
			<ITRForm:FormVer>Ver1.0</ITRForm:FormVer>
		</ITRForm:Form_ITR1>
    <ITRForm:PersonalInfo>
    
      <ITRForm:AssesseeName>
        <ITRForm:FirstName>HINA</ITRForm:FirstName>
        
        <ITRForm:SurNameOrOrgName>GARG</ITRForm:SurNameOrOrgName>
       </ITRForm:AssesseeName>
      <ITRForm:PAN>ARTPG5682J</ITRForm:PAN>
      <ITRForm:Address>
        <ITRForm:ResidenceNo>HOUSE NO 80</ITRForm:ResidenceNo>
        <ITRForm:ResidenceName>SECTOR 16</ITRForm:ResidenceName>
        
        <ITRForm:LocalityOrArea>moti mahal</ITRForm:LocalityOrArea>
        <ITRForm:CityOrTownOrDistrict>FARIDABAD</ITRForm:CityOrTownOrDistrict>
        <ITRForm:StateCode>12</ITRForm:StateCode>
        <ITRForm:CountryCode>91</ITRForm:CountryCode>
        <ITRForm:PinCode>121002</ITRForm:PinCode>
        
        <ITRForm:MobileNo>9158780633</ITRForm:MobileNo>
        
        <ITRForm:EmailAddress>hina.garg.88@gmail.com</ITRForm:EmailAddress>
       </ITRForm:Address>
      <ITRForm:DOB>1988-02-02</ITRForm:DOB>
      <ITRForm:EmployerCategory>OTH</ITRForm:EmployerCategory>
      <ITRForm:Gender>F</ITRForm:Gender>
      <ITRForm:Status>I</ITRForm:Status>
      <ITRForm:AadhaarCardFlg>Y</ITRForm:AadhaarCardFlg>
	  <ITRForm:AadhaarCardNo>538427248803</ITRForm:AadhaarCardNo>
    </ITRForm:PersonalInfo>
    <ITRForm:FilingStatus>
      
      <ITRForm:ReturnFileSec>11</ITRForm:ReturnFileSec>
      
      
      
      <ITRForm:ReturnType>O</ITRForm:ReturnType>
      
      
      <ITRForm:ResidentialStatus>RES</ITRForm:ResidentialStatus>
      <ITRForm:TaxStatus>TR</ITRForm:TaxStatus>
      <ITRForm:PortugeseCC5A>N</ITRForm:PortugeseCC5A>
	   
	   
    </ITRForm:FilingStatus>
    <ITRForm:ITR1_IncomeDeductions>
      <ITRForm:IncomeFromSal>427544</ITRForm:IncomeFromSal>
      
      <ITRForm:TotalIncomeOfHP>0</ITRForm:TotalIncomeOfHP>
      <ITRForm:IncomeOthSrc>0</ITRForm:IncomeOthSrc>
      <ITRForm:GrossTotIncome>427544</ITRForm:GrossTotIncome>
      <ITRForm:UsrDeductUndChapVIA>
        <ITRForm:Section80C>123717</ITRForm:Section80C>
        <ITRForm:Section80CCC>0</ITRForm:Section80CCC>
        <ITRForm:Section80CCDEmployeeOrSE>0</ITRForm:Section80CCDEmployeeOrSE>
        <ITRForm:Section80CCDEmployer>0</ITRForm:Section80CCDEmployer>
        <ITRForm:Section80D>0</ITRForm:Section80D>
        <ITRForm:Section80DD>0</ITRForm:Section80DD>
        <ITRForm:Section80DDB>0</ITRForm:Section80DDB>
        <ITRForm:Section80E>0</ITRForm:Section80E>
		<ITRForm:Section80EE>0</ITRForm:Section80EE>
        <ITRForm:Section80G>0</ITRForm:Section80G>
        <ITRForm:Section80GG>0</ITRForm:Section80GG>
        <ITRForm:Section80GGA>0</ITRForm:Section80GGA>
        <ITRForm:Section80GGC>0</ITRForm:Section80GGC>
        <ITRForm:Section80U>0</ITRForm:Section80U>
        <ITRForm:Section80RRB>0</ITRForm:Section80RRB>
        <ITRForm:Section80QQB>0</ITRForm:Section80QQB>
        <ITRForm:Section80CCG>0</ITRForm:Section80CCG>
        <ITRForm:Section80TTA>0</ITRForm:Section80TTA>
        <ITRForm:TotalChapVIADeductions>123717</ITRForm:TotalChapVIADeductions>
      </ITRForm:UsrDeductUndChapVIA>
      <ITRForm:DeductUndChapVIA>
        <ITRForm:Section80C>123717</ITRForm:Section80C>
        <ITRForm:Section80CCC>0</ITRForm:Section80CCC>
        <ITRForm:Section80CCDEmployeeOrSE>0</ITRForm:Section80CCDEmployeeOrSE>
        <ITRForm:Section80CCDEmployer>0</ITRForm:Section80CCDEmployer>
        <ITRForm:Section80D>0</ITRForm:Section80D>
        <ITRForm:Section80DD>0</ITRForm:Section80DD>
        <ITRForm:Section80DDB>0</ITRForm:Section80DDB>
        <ITRForm:Section80E>0</ITRForm:Section80E>
		<ITRForm:Section80EE>0</ITRForm:Section80EE>
        <ITRForm:Section80G>0</ITRForm:Section80G>
        <ITRForm:Section80GG>0</ITRForm:Section80GG>
        <ITRForm:Section80GGA>0</ITRForm:Section80GGA>
        <ITRForm:Section80GGC>0</ITRForm:Section80GGC>
        <ITRForm:Section80U>0</ITRForm:Section80U>
        <ITRForm:Section80RRB>0</ITRForm:Section80RRB>
        <ITRForm:Section80QQB>0</ITRForm:Section80QQB>
        <ITRForm:Section80CCG>0</ITRForm:Section80CCG>
        <ITRForm:Section80TTA>0</ITRForm:Section80TTA>
        <ITRForm:TotalChapVIADeductions>123717</ITRForm:TotalChapVIADeductions>
      </ITRForm:DeductUndChapVIA>
      <ITRForm:TotalIncome>303830</ITRForm:TotalIncome>
    </ITRForm:ITR1_IncomeDeductions>
    <ITRForm:ITR1_TaxComputation>
      <ITRForm:TotalTaxPayable>5383</ITRForm:TotalTaxPayable>
	  <ITRForm:Rebate87A>2000</ITRForm:Rebate87A>
	  <ITRForm:TaxPayableOnRebate>3383</ITRForm:TaxPayableOnRebate>
      <ITRForm:SurchargeOnAboveCrore>0</ITRForm:SurchargeOnAboveCrore>
      <ITRForm:EducationCess>101</ITRForm:EducationCess>
      <ITRForm:GrossTaxLiability>3484</ITRForm:GrossTaxLiability>
      <ITRForm:Section89>0</ITRForm:Section89>
      <ITRForm:NetTaxLiability>3484</ITRForm:NetTaxLiability>
      <ITRForm:TotalIntrstPay>0</ITRForm:TotalIntrstPay>
      <ITRForm:IntrstPay>
        <ITRForm:IntrstPayUs234A>0</ITRForm:IntrstPayUs234A>
        <ITRForm:IntrstPayUs234B>0</ITRForm:IntrstPayUs234B>
        <ITRForm:IntrstPayUs234C>0</ITRForm:IntrstPayUs234C>
       </ITRForm:IntrstPay>
      <ITRForm:TotTaxPlusIntrstPay>3484</ITRForm:TotTaxPlusIntrstPay>
    </ITRForm:ITR1_TaxComputation>
    <ITRForm:TaxPaid>
      <ITRForm:TaxesPaid>
        <ITRForm:AdvanceTax>0</ITRForm:AdvanceTax>
        <ITRForm:TDS>2319</ITRForm:TDS>
        
        <ITRForm:SelfAssessmentTax>1170</ITRForm:SelfAssessmentTax>
        <ITRForm:TotalTaxesPaid>3489</ITRForm:TotalTaxesPaid>
      </ITRForm:TaxesPaid>
      <ITRForm:BalTaxPayable>0</ITRForm:BalTaxPayable>
    </ITRForm:TaxPaid>
    <ITRForm:Refund>
      <ITRForm:RefundDue>10</ITRForm:RefundDue>
      <ITRForm:BankAccountDtls>
         <ITRForm:PriBankDetails>
        	<ITRForm:IFSCCode>HDFC0000239</ITRForm:IFSCCode>
			<ITRForm:BankName>HDFC Bank Ltd</ITRForm:BankName>
			<ITRForm:BankAccountNo>02391130019492</ITRForm:BankAccountNo>
			<ITRForm:BankAccountType>SAV</ITRForm:BankAccountType>
         </ITRForm:PriBankDetails>
         
         <ITRForm:BankAccounts>1</ITRForm:BankAccounts>
      </ITRForm:BankAccountDtls>
    </ITRForm:Refund>
    
    <ITRForm:TDSonSalaries>
      <ITRForm:TDSonSalary>
        <ITRForm:EmployerOrDeductorOrCollectDetl>
          <ITRForm:TAN>MUML04432B</ITRForm:TAN>
          <ITRForm:EmployerOrDeductorOrCollecterName>LARSEN &amp; TOUBRO INFOTECH LIMITED</ITRForm:EmployerOrDeductorOrCollecterName>
        </ITRForm:EmployerOrDeductorOrCollectDetl>
        <ITRForm:IncChrgSal>203007</ITRForm:IncChrgSal>
        <ITRForm:TotalTDSSal>2319</ITRForm:TotalTDSSal>
      </ITRForm:TDSonSalary>
<ITRForm:TDSonSalary>
        <ITRForm:EmployerOrDeductorOrCollectDetl>
          <ITRForm:TAN>HYDW00112A</ITRForm:TAN>
          <ITRForm:EmployerOrDeductorOrCollecterName>ADP PRIVATE LIMITED</ITRForm:EmployerOrDeductorOrCollecterName>
        </ITRForm:EmployerOrDeductorOrCollectDetl>
        <ITRForm:IncChrgSal>42077</ITRForm:IncChrgSal>
        <ITRForm:TotalTDSSal>0</ITRForm:TotalTDSSal>
      </ITRForm:TDSonSalary>
      <ITRForm:TotalTDSonSalaries>2319</ITRForm:TotalTDSonSalaries>
    </ITRForm:TDSonSalaries>
    
    <ITRForm:TaxPayments>
      <ITRForm:TaxPayment>
        <ITRForm:BSRCode>0510308</ITRForm:BSRCode>
        <ITRForm:DateDep>2015-08-11</ITRForm:DateDep>
        <ITRForm:SrlNoOfChaln>280</ITRForm:SrlNoOfChaln>
        <ITRForm:Amt>1170</ITRForm:Amt>
      </ITRForm:TaxPayment>
       <ITRForm:TotalTaxPayments>1170</ITRForm:TotalTaxPayments>
    </ITRForm:TaxPayments>
    
    <ITRForm:Verification>
      <ITRForm:Declaration>
        <ITRForm:AssesseeVerName>HINA GARG</ITRForm:AssesseeVerName>
        <ITRForm:FatherName>T C GARG</ITRForm:FatherName>
        <ITRForm:AssesseeVerPAN>ARTPG5682J</ITRForm:AssesseeVerPAN>
      </ITRForm:Declaration>
      <ITRForm:Place>FARIDABAD</ITRForm:Place>
      <ITRForm:Date>2015-08-13</ITRForm:Date>
    </ITRForm:Verification>
    
  </ITR1FORM:ITR1>
</ITRETURN:ITR>
