ID,Name,Schedule State,Severity,Priority,State,Submitted By,Owner,Release,Creation Date,Project
DE135472,"On IPhone 5S, user has to manually scroll up the calendar to view the changed month.",Accepted,4 - Cosmetic,3 - Normal,Closed,Hina G,Ester W,Orbis 2.5,2015-04-08 10:49 AM EDT,TCS Falcons
DE135486,The Progress bar is not showing properly when percentage is near to 100%.,Accepted,4 - Cosmetic,3 - Normal,Closed,Hina G,Ester W,Orbis 2.0.1,2015-04-08 11:19 AM EDT,TCS Falcons
DE135490,Zip code field is showing increase/decrease arrows at the right side of the text box. This issue is for Chrome and Firefox.,Accepted,4 - Cosmetic,3 - Normal,Closed,Hina G,Dan Hoffman,Orbis 2.0.1,2015-04-08 11:25 AM EDT,TCS Falcons
DE135503,The Information on SSI screen has brackets whereas on other screens its not.,Accepted,4 - Cosmetic,3 - Normal,Closed,Hina G,Ester W,Orbis 2.0.1,2015-04-08 11:45 AM EDT,TCS Falcons
DE135506,The Help window closes only after hitting cross 3-4 times on Iphone 5S.,Accepted,4 - Cosmetic,3 - Normal,Closed,Hina G,Dan Hoffman,Orbis 2.0.1,2015-04-08 11:52 AM EDT,TCS Falcons
DE135807,A Blue line appears on Conditional Certification screen for Ipad and Iphone devices when user tries to click on Yes,Accepted,4 - Cosmetic,3 - Normal,Closed,Hina G,Ester W,Orbis 2.5,2015-04-09 08:36 AM EDT,TCS Falcons
DE140067,"Tabbing Issue in Chrome,IE,Safari",Accepted,4 - Cosmetic,3 - Normal,Closed,Hina G,Ester W,Orbis 2.5,2015-04-24 09:36 AM EDT,TCS Falcons
DE140772,The date format in Call in personal Info screen is MMDDYYYY instead of MM/DD/YYYY.Refer attached screenshot.,Accepted,4 - Cosmetic,3 - Normal,Closed,Hina G,Daniel Carvalho,FY16 - Jan 2016 (Orbis 2.9),2015-04-28 02:14 AM EDT,TCS Minuano
DE141611,Send Email and Send forms by Fax options in Call in Issue.,Accepted,4 - Cosmetic,3 - Normal,Closed,Hina G,Pablo Budke,FY16 R1 Orbis 2.6 September,2015-04-30 03:26 AM EDT,TCS Falcons
DE143589,Record Maintainence screen is not getting loaded on IE.,Accepted,3 - Hindering,2 - High Attention,Closed,Hina G,Dan Hoffman,Orbis 2.5,2015-05-07 04:06 AM EDT,TCS Falcons
DE144535,The number of target groups are displaying more than 100. It should not be more than 17.,Accepted,4 - Cosmetic,2 - High Attention,Closed,Hina G,Prashant D,Orbis 2.5,2015-05-11 10:10 AM EDT,TCS Falcons
DE147128,The Back button should have blue resolution similar to other buttons like edit and save.,Accepted,4 - Cosmetic,3 - Normal,Closed,Hina G,Ester W,Orbis 2.5,2015-05-19 10:05 AM EDT,TCS Falcons
DE147702,The questions section has the blue line extended all over to the end of page. It should appear only till the black line.,Accepted,4 - Cosmetic,3 - Normal,Closed,Hina G,Ester W,Orbis 2.5,2015-05-20 11:12 AM EDT,TCS Falcons
DE147946,"On searching records using Hire date as the criteria, the functionality works fine for the first time. On searching again using a different hire date the records are not getting populated.",Accepted,2 - Damaging,2 - High Attention,Closed,Hina G,Dan Hoffman,FY16 R1 Orbis 2.6 September,2015-05-21 02:45 AM EDT,TCS Falcons
DE148925,When the user opts out WOTC and is hired while screening. The detail page keeps on loading on clicking a record after searching the record on HUB page,Accepted,3 - Hindering,2 - High Attention,Closed,Hina G,Prashant D,Orbis 2.7 October 2015,2015-05-26 01:48 AM EDT,TCS Falcons
DE148928,"Phone no. is missing (036 22 2222) on edit page, same number is available on Database and Details page",Accepted,4 - Cosmetic,3 - Normal,Closed,Hina G,Prashant A,Orbis 2.7 October 2015,2015-05-26 01:56 AM EDT,TCS Falcons
DE148929,User is allowed to come back and opt out in the middle of screening,Accepted,3 - Hindering,3 - Normal,Closed,Hina G,Pablo Budke,FY16 R1 Orbis 2.6 September,2015-05-26 02:04 AM EDT,TCS Falcons
DE148930,"When user come back and opts out in the middle of screening, then in Back Office SSN - 787-87-8787 • Unit Name and  Work Start fields are missing in the Grid •  Screening Ineligible is visible although detail page",Accepted,3 - Hindering,2 - High Attention,Closed,Hina G,Prashant D,Orbis 2.5,2015-05-26 02:08 AM EDT,TCS Falcons
DE148945,Eligible POH records are appearing as ineligible in BO UI.,Accepted,3 - Hindering,2 - High Attention,Closed,Hina G,Prashant D,Orbis 2.5,2015-05-26 02:31 AM EDT,TCS Falcons
DE148953,Mix of English and Spanish is displayed in Screening when changed to Spanish.,Accepted,4 - Cosmetic,2 - High Attention,Closed,Hina G,Dan Hoffman,Orbis 2.5,2015-05-26 02:39 AM EDT,TCS Falcons
DE148954,"When continuously changing the Language from English to Spanish and then Spanish to English, the changes no more happen.",Accepted,4 - Cosmetic,2 - High Attention,Closed,Hina G,Dan Hoffman,FY16 R1 Orbis 2.6 September,2015-05-26 02:40 AM EDT,TCS Falcons
DE148955,Hire date is not populating for POH screening on BO UI.,Accepted,,2 - High Attention,Closed,Hina G,Prashant D,Orbis 2.5,2015-05-26 02:42 AM EDT,TCS Falcons
DE150062,"When invalid zip code is taken for POH screening, then status should show Ineligible.",Accepted,3 - Hindering,2 - High Attention,Closed,Hina G,Prashant D,Orbis 2.5,2015-05-28 06:07 AM EDT,TCS Falcons
DE150619,"For POH and CA key in from paper screening type,Hire date is not getting populated in database.Because of which it appears red in screening.",Accepted,,2 - High Attention,Closed,Hina G,Prashant A,FY16 R1 Orbis 2.6 September,2015-05-29 11:15 AM EDT,TCS Falcons
DE155570,"When back office parameter is set to no, the Wotc at state with target group report is not fetching the data for that company.",Accepted,3 - Hindering,2 - High Attention,Closed,Hina G,Eduardo C,Cancelled,2015-06-14 05:51 AM EDT,TCS Batraquios
DE155623,"For POH AZ_Tanf screening  in FIT, the name and telephone field accepts telephone number only. It does not accepts character values for name.",Accepted,,3 - Normal,Closed,Hina G,Pablo Budke,,2015-06-15 04:11 AM EDT,TCS Falcons
DE157921,"For mobile devices,when we send forms by email in FIT Web in screening, user does not get any message that the forms have been successfully sent or not. The user is simply navigated to next screen.",Completed,,2 - High Attention,Submitted,Hina G,Pradeep M,Orbis 2.7 October 2015,2015-06-22 04:01 AM EDT,TCS Falcons
DE163368,"For Mail in Screening,the starting wage is 99.9 which is incorrect.It should be 999.0",Accepted,4 - Cosmetic,3 - Normal,Closed,Hina G,Prashant A,Orbis 2.8 November 2015,2015-07-10 04:52 AM EDT,TCS Falcons
DE168499,"State Export-IN state,the 8850 record gets appended in the 9061 record at the signature  date.",Accepted,4 - Cosmetic,3 - Normal,Closed,Hina G,Sunmit G,FY16 R1 Orbis 2.6 September,2015-07-28 03:50 AM EDT,TCS Spartans
DE168609,"State Export: IN: Employers sign,title,esign date are coming as N,ADP tax services, blank respectively which is incorrect.",Accepted,4 - Cosmetic,3 - Normal,Closed,Hina G,Fahd K,FY16 R1 Orbis 2.6 September,2015-07-28 07:56 AM EDT,TCS Spartans
DE173301,Save button is not appearing correctly.,Accepted,4 - Cosmetic,3 - Normal,Closed,Hina G,Ester W,FY16 R1 Orbis 2.6 September,2015-08-12 11:04 AM EDT,TCS Falcons
DE173596,Phone number is not getting displayed correctly in BO.It is getting displayed in next line.,Accepted,4 - Cosmetic,3 - Normal,Closed,Hina G,Ester W,FY16 R1 Orbis 2.6 September,2015-08-13 05:57 AM EDT,TCS Falcons
DE173646,The width of the white search bar is not in line with the blue search button.,Accepted,4 - Cosmetic,3 - Normal,Closed,Hina G,Ester W,FY16 R1 Orbis 2.6 September,2015-08-13 07:58 AM EDT,TCS Falcons
DE180062,"As per user story US312275,esigned pin should be next to employee signature date which is not the actual behavior.",Accepted,4 - Cosmetic,3 - Normal,Closed,Hina G,Ester W,FY16 R1 Orbis 2.6 September,2015-09-02 04:21 AM EDT,TCS Falcons
DE180508,Back office history is showing null null for username.,Accepted,4 - Cosmetic,3 - Normal,Closed,Hina G,Prashant A,FY16 - Jan 2016 (Orbis 2.9),2015-09-03 02:30 AM EDT,TCS Falcons
DE181576,Two records are getting generated for POH screened record which is incorrect.,Accepted,,3 - Normal,Closed,Hina G,Pablo Budke,Orbis 2.7 October 2015,2015-09-08 03:27 AM EDT,TCS Falcons
DE184072,"For manual key in screening,after entering ssn in confirm ssn field,on hire page,if user navigates back to 8850 form,then the form appears blank.",Accepted,4 - Cosmetic,3 - Normal,Closed,Hina G,Prashant A,Orbis 2.8 November 2015,2015-09-15 07:33 AM EDT,TCS Falcons
DE185328,POH key in and CA key in screening is getting stuck at continue button. The issue is in FIT and IAT both.,Accepted,3 - Hindering,2 - High Attention,Closed,Hina G,Ester W,FY16 R1 Orbis 2.6 September,2015-09-18 08:38 AM EDT,TCS Falcons
DE188091,Screening is accepting invalid email id.,Accepted,4 - Cosmetic,3 - Normal,Closed,Hina G,paulo.e.pacheco,FY16 - Jan 2016 (Orbis 2.9),2015-09-29 07:24 AM EDT,TCS Minuano
DE188098,POH Key in screening fails if hire date is older than 365 days.Like CA Key proper error message should be thrown:,Accepted,3 - Hindering,3 - Normal,Closed,Hina G,Pablo Budke,Orbis 2.8 November 2015,2015-09-29 07:29 AM EDT,TCS Minuano
DE190394,"For Social security number in screening,if we copy the masked ssn from social security number in confirm social security number,then the application is copying the ssn which is incorrect.",Accepted,4 - Cosmetic,3 - Normal,Closed,Hina G,Dan Hoffman,Orbis 2.7 October 2015,2015-10-07 08:24 AM EDT,TCS Falcons
DE190678,Retro Project dropdown is disabled on more details page.,Accepted,4 - Cosmetic,3 - Normal,Closed,Hina G,Anjo C,Cancelled,2015-10-08 02:08 AM EDT,TCS Batraquios
DE190820,"For Spouse SSN in FED IEC credit,SSN masking is not appearing.",Accepted,4 - Cosmetic,3 - Normal,Closed,Hina G,Dan Hoffman,Orbis 2.7 October 2015,2015-10-08 10:03 AM EDT,TCS Falcons
DE191153,"For CA key in screening,even after selecting the target groups,the record is ineligible in BO.",Accepted,2 - Damaging,2 - High Attention,Closed,Hina G,Prashant A,Orbis 2.7 October 2015,2015-10-09 07:18 AM EDT,TCS Falcons
DE191156,Save button is not working in BO for edit option.,Accepted,4 - Cosmetic,2 - High Attention,Closed,Hina G,Ester W,Orbis 2.8 November 2015,2015-10-09 07:24 AM EDT,TCS Falcons
DE192088,HUB UI gets distorted.,Accepted,4 - Cosmetic,3 - Normal,Closed,Hina G,Ester W,Orbis 2.8 November 2015,2015-10-13 07:34 AM EDT,TCS Falcons
DE192098,"On clicking on more details for CANEC screened record,the record is taking a lot of time to load.",Accepted,3 - Hindering,3 - Normal,Fixed,Hina G,thauan.minetto,Orbis 2.7 October 2015,2015-10-13 07:59 AM EDT,TCS Batraquios
DE192557,Multiple issues in Mail in screening.,Accepted,3 - Hindering,1 - Resolve Immediately,Closed,Hina G,vamsi.namuduri,Orbis 2.8 November 2015,2015-10-14 09:32 AM EDT,TCS Falcons
DE193305,When You first time land on hub page after loging in to the portal then the show advanced buttton when clicked for the first time does not clicks.It gets expanded only after second click.,Accepted,4 - Cosmetic,3 - Normal,Closed,Hina G,Shantanu N,FY16 - June18 2016 (Orbis 3.3),2015-10-16 04:26 AM EDT,TCS Falcons
DE194427,UAT showstoppers:-When test screening completed for NY credits and answered No to all NYMW record was not created in the HUB,Accepted,2 - Damaging,2 - High Attention,Closed,Hina G,vamsi.namuduri,Orbis 2.8 November 2015,2015-10-21 03:11 AM EDT,TCS Falcons
DE194434,UAT show stoppers:-Phil vet and FED IEC vet questions are being presented in screening even when the unit/employee address is not taken for PA or IEC participating states.,Accepted,2 - Damaging,2 - High Attention,Closed,Hina G,Pablo Budke,Orbis 2.8 November 2015,2015-10-21 03:34 AM EDT,TCS Minuano
DE194470,"For CA key in screening ""CA state forms "" is not getting displayed on top of the forms. Earlier it was.",Accepted,4 - Cosmetic,3 - Normal,Closed,Hina G,Pablo Budke,Orbis 2.8 November 2015,2015-10-21 06:28 AM EDT,TCS Falcons
DE195482,"When landing  on processing queue,after generating a report in HUB,a red error is shown""The information requested is not available. [ 10/26/15, 7:02 PM: 0 / 338]""",Accepted,2 - Damaging,1 - Resolve Immediately,Closed,Hina G,Ranveer Dutta,Orbis 2.8 November 2015,2015-10-26 09:50 AM EDT,TCS Spartans
DE197240,"On changing the year in date of birth in personal information, the year drop down goes into 3 digits.",Accepted,4 - Cosmetic,3 - Normal,Closed,Hina G,Ester W,Orbis 2.8 November 2015,2015-11-02 07:43 AM EST,TCS Falcons
DE197504,Getting errors detected on mass send forms functionality in HUB FIT.,Accepted,3 - Hindering,2 - High Attention,Closed,Hina G,paulo.e.pacheco,Orbis 2.8 November 2015,2015-11-03 02:24 AM EST,TCS Minuano
DE198377,Sometimes the adress pop up remains on page.,Defined,4 - Cosmetic,3 - Normal,Open,Hina G,Shantanu N,FY17 - August12 2016 (Orbis 3.4),2015-11-05 04:10 AM EST,TCS Spartans
DE200808,Documents in a CA Record detail page and CA Form Pending Detail by Status report,Accepted,2 - Damaging,1 - Resolve Immediately,Closed,Hina G,Biju,FY16 - Jan 2016 (Orbis 2.9),2015-11-16 12:19 PM EST,TCS Spartans
DE201032,Status drop down popup hangs on the page when option is not selected.,Accepted,4 - Cosmetic,4 - Low,Closed,Hina G,Ester W,FY16 - Jan 2016 (Orbis 2.9),2015-11-17 08:11 AM EST,TCS Falcons
DE201283,The information popup for Payroll lookup is coming too far from the field.,Accepted,4 - Cosmetic,,Closed,Hina G,Ester W,FY16 - Jan 2016 (Orbis 2.9),2015-11-18 01:38 AM EST,TCS Spartans
DE201383,"For new york credit, POH screening is showing blank status.",Accepted,4 - Cosmetic,2 - High Attention,Closed,Hina G,Ranveer Dutta,FY16 - June(May22) 2016 (Orbis 3.2),2015-11-18 07:15 AM EST,TCS Spartans
DE201667,Search is not working when full name is given in the search criteria.,Accepted,3 - Hindering,3 - Normal,Closed,Hina G,Hina G,Orbis 2.8 November 2015,2015-11-19 02:17 AM EST,TCS Spartans
DE201675,"Loading is getting overlapped on ""total number of records"" text in HUB.",Accepted,4 - Cosmetic,3 - Normal,Closed,Hina G,Ester W,FY16 - Jan 2016 (Orbis 2.9),2015-11-19 02:46 AM EST,TCS Falcons
DE201718,HUB page hangs after multiple searches.,Accepted,3 - Hindering,3 - Normal,Closed,Hina G,Biju,Orbis 2.8 November 2015,2015-11-19 05:14 AM EST,TCS Spartans
DE201722,Getting red error :- No search performed. Validation of the input request failed as input contains malicious data.,Accepted,3 - Hindering,3 - Normal,Closed,Hina G,Dinesh Goyal,Orbis 2.8 November 2015,2015-11-19 05:26 AM EST,TCS Spartans
DE201999,Getting red error for Unknown status interactions with PSN pending.,Accepted,2 - Damaging,2 - High Attention,Closed,Hina G,Dinesh Goyal,Orbis 2.8 November 2015,2015-11-20 01:29 AM EST,TCS Spartans
DE203230,Error message is showing twice.,Accepted,4 - Cosmetic,3 - Normal,Closed,Hina G,abhishek k,FY16 - Jan 2016 (Orbis 2.9),2015-11-26 12:55 AM EST,TCS Spartans
DE204396,"When we type start typing client/company name in hub,application throws error even before selecting the name from type ahead.",Accepted,4 - Cosmetic,3 - Normal,Closed,Hina G,Dinesh Goyal,FY16 - Jan 2016 (Orbis 2.9),2015-12-03 05:31 AM EST,TCS Spartans
DE205362,The sub status drop down is different on main page than the internal status page.,Accepted,4 - Cosmetic,3 - Normal,Closed,Hina G,Dinesh Goyal,FY16 - Jan 2016 (Orbis 2.9),2015-12-08 06:18 AM EST,TCS Spartans
DE206935,Search Fails when a combination of 2 status and a substatus is chosen as the criteria.,Accepted,3 - Hindering,2 - High Attention,Closed,Hina G,Dinesh Goyal,FY16 - Jan 2016 (Orbis 2.9),2015-12-14 04:06 AM EST,TCS Spartans
DE207189,Record is not getting clicked in one go in hub.,Backlog,4 - Cosmetic,3 - Normal,Submitted,Hina G,Ranveer Dutta,FY16 - Jan 2016 (Orbis 2.9),2015-12-15 12:37 AM EST,TCS Spartans
DE207204,Mass send fax/email is not getting enabled in hub.,Accepted,2 - Damaging,2 - High Attention,Closed,Hina G,paulo.e.pacheco,FY16 - Jan 2016 (Orbis 2.9),2015-12-15 01:38 AM EST,TCS Minuano
DE207206,Checking on SSN checkbox in hub is not selecting all the records.,Accepted,4 - Cosmetic,,Closed,Hina G,paulo.e.pacheco,FY16 - Jan 2016 (Orbis 2.9),2015-12-15 01:42 AM EST,TCS Minuano
DE207233,"""No data available in table"" is getting shown in hub instead of ""No records available""",Accepted,4 - Cosmetic,3 - Normal,Closed,Hina G,Biju,FY16 - Jan 2016 (Orbis 2.9),2015-12-15 04:04 AM EST,TCS Spartans
DE208173,US397649 : Unit Code Picker issues in FIT.,Accepted,3 - Hindering,2 - High Attention,Closed,Hina G,Dinesh Goyal,FY16 - Jan 2016 (Orbis 2.9),2015-12-18 02:33 AM EST,TCS Spartans
DE208205,"Getting ""Failed to update Question(s) detail(s) due to internal error"" error in FIT while updating questions in lock/concurrent updates in HUB.",Accepted,3 - Hindering,2 - High Attention,Closed,Hina G,Manish Veerwal,FY16 - Jan 2016 (Orbis 2.9),2015-12-18 05:03 AM EST,TCS Spartans
DE208218,Unsaved changes popup comes when user already gets message for concurrent update by other user.,Accepted,4 - Cosmetic,3 - Normal,Closed,Hina G,Manish Veerwal,FY16 - Jan 2016 (Orbis 2.9),2015-12-18 05:26 AM EST,TCS Spartans
DE208226,"When updating Target groups of a record from one user,then the other user is also allowed to update the record without any error.",Accepted,2 - Damaging,2 - High Attention,Closed,Hina G,abhishek k,FY16 - Jan 2016 (Orbis 2.9),2015-12-18 06:04 AM EST,TCS Spartans
DE208560,"Getting ""Failed to update details due to internal error "" when changing status.",Accepted,4 - Cosmetic,3 - Normal,Closed,Hina G,Dinesh Goyal,FY16 - Jan 2016 (Orbis 2.9),2015-12-21 03:00 AM EST,TCS Spartans
DE208589,Hub is not showing error message when substatus of a record is changed via concurrent update.,Accepted,2 - Damaging,2 - High Attention,Closed,Hina G,Hina G,FY16 - Jan 2016 (Orbis 2.9),2015-12-21 04:48 AM EST,TCS Spartans
DE208935,CA form pending detail by status report is not fetching the data correctly.,Accepted,3 - Hindering,2 - High Attention,Closed,Hina G,Dinesh Goyal,FY16 - Jan 2016 (Orbis 2.9),2015-12-22 06:21 AM EST,TCS Spartans
DE209163,Reports-Certified Detail by Target Group Report - Detail and Certified Detail by Target Group Report - Summary are not printing any records.,Accepted,3 - Hindering,2 - High Attention,Closed,Hina G,Dinesh Goyal,FY16 - Jan 2016 (Orbis 2.9),2015-12-23 01:41 AM EST,TCS Spartans
DE209469,"""Hidden Button"" on client details in client setup and maintenance should be renamed as ""Refresh""",Accepted,4 - Cosmetic,3 - Normal,Closed,Hina G,Hina G,,2015-12-24 02:01 AM EST,TCS Spartans
DE209488,"When updating the partner in client setup and maintenance,change history is not getting updated.",Backlog,3 - Hindering,2 - High Attention,Submitted,Hina G,Saurabh S,,2015-12-24 04:24 AM EST,TCS Spartans
DE209491,"While updating screening method for client in client set up and maintenance,screening method id is getting updated in change history instead of screening method name.",Backlog,4 - Cosmetic,3 - Normal,Submitted,Hina G,Saurabh S,,2015-12-24 04:44 AM EST,TCS Spartans
DE209495,"When i change Physical address of the client in client set up and maintenance,then new value displayed  is ""tax"" but i changed the physical address only.",Backlog,4 - Cosmetic,3 - Normal,Submitted,Hina G,Saurabh S,,2015-12-24 04:59 AM EST,TCS Spartans
DE209552,"When i make changes to Physical or Tax address in client set up and maintenance,then change history shows Reporting level changes which is not correct.",Backlog,4 - Cosmetic,3 - Normal,Submitted,Hina G,Saurabh S,,2015-12-24 07:22 AM EST,TCS Spartans
DE209573,"When we assign credits at company level,then the change history is not getting updated.",Backlog,3 - Hindering,2 - High Attention,Submitted,Hina G,Saurabh S,,2015-12-24 09:22 AM EST,TCS Spartans
DE209670,Exceptions Report - WOTC has initial date as current date-1 but in vista it is last months date.,Accepted,3 - Hindering,3 - Normal,Closed,Hina G,Dinesh Goyal,FY16 - Jan 2016 (Orbis 2.9),2015-12-28 01:42 AM EST,TCS Spartans
DE209706,"WOTC at State with Target Groups report is showing ""errors detected"" in processing queue in FIT.",Accepted,3 - Hindering,2 - High Attention,Closed,Hina G,Ranveer Dutta,FY16 - Jan 2016 (Orbis 2.9),2015-12-28 04:50 AM EST,TCS Spartans
DE209916,The state drop down for Long term Unemployment question in Questions tab is not editable.,Accepted,3 - Hindering,2 - High Attention,Closed,Hina G,Ranveer Dutta,FY16 - Jan 2016 (Orbis 2.9),2015-12-29 01:38 AM EST,TCS Spartans
DE210022,SSN number is not getting printed in one line in hub search.The ssn is getting printed in next line.,Accepted,4 - Cosmetic,3 - Normal,Closed,Hina G,Biju,FY16 - Jan 2016 (Orbis 2.9),2015-12-29 07:34 AM EST,TCS Spartans
DE210302,When we change the status of the record to certified from main detail page then the status is not getting changed.,Accepted,3 - Hindering,2 - High Attention,Closed,Hina G,abhishek k,FY16 - Jan 2016 (Orbis 2.9),2015-12-30 05:43 AM EST,TCS Spartans
DE210305,Data is not getting generated for Certified detail by target group-By detail,Accepted,2 - Damaging,2 - High Attention,Closed,Hina G,Dinesh Goyal,FY16 - Jan 2016 (Orbis 2.9),2015-12-30 06:02 AM EST,TCS Spartans
DE210509,Long term Unemployed target group is not coming as selected for WOTC at state with Target group report.Refer attached Report in FIT.,Accepted,4 - Cosmetic,2 - High Attention,Fixed,Hina G,Dinesh Goyal,FY16 - Jan 2016 (Orbis 2.9),2015-12-31 01:21 AM EST,TCS Spartans
DE210526,"Some times after editing a record and clicking on back button,the apllication keeps on showing ""processing"" instead of showing the records.",Accepted,3 - Hindering,2 - High Attention,Closed,Hina G,Dinesh Goyal,FY16 - Feb 2016 (Orbis 3.0),2015-12-31 02:16 AM EST,TCS Spartans
DE210528,"Need Letter Report is not printing Yes for target group ""Long Term Unemployment""",Accepted,4 - Cosmetic,3 - Normal,Closed,Hina G,Ranveer Dutta,FY16 - Jan 2016 (Orbis 2.9),2015-12-31 02:33 AM EST,TCS Spartans
DE210530,"Need Letter Received Report is not printing the record with certified status having ""need letter received"" as Yes.",Accepted,2 - Damaging,2 - High Attention,Closed,Hina G,abhishek k,FY16 - Jan 2016 (Orbis 2.9),2015-12-31 02:45 AM EST,TCS Spartans
DE210688,Denied date is also getting saved with cert date and cert eff start date.,Accepted,3 - Hindering,3 - Normal,Closed,Hina G,Saurabh S,FY16 - Feb 2016 (Orbis 3.0),2016-01-04 02:30 AM EST,TCS Spartans
DE211037,"When I am trying to update questions tab of CA key in record,I am continuously getting error"" Record question update is already initiated by some other user. Please reload the page and try again.""",Accepted,3 - Hindering,2 - High Attention,Closed,Hina G,Manish Veerwal,FY16 - Jan 2016 (Orbis 2.9),2016-01-05 01:11 AM EST,TCS Spartans
DE211087,"Reports are showing red error""Report is not configured properly. Please contact administrator""",Accepted,1 - Catastrophic,2 - High Attention,Closed,Hina G,Dinesh Goyal,FY16 - Jan 2016 (Orbis 2.9),2016-01-05 04:26 AM EST,TCS Spartans
DE211141,Pagination is not working as expected.,Accepted,3 - Hindering,3 - Normal,Closed,Hina G,Biju,FY16 - Feb 2016 (Orbis 3.0),2016-01-05 07:06 AM EST,TCS Spartans
DE211542,The list of Reports under each category is different in FIT and in IAT.,Accepted,4 - Cosmetic,3 - Normal,Closed,Hina G,Biju,FY16 - April 2016 (Orbis 3.1),2016-01-06 05:52 AM EST,TCS Spartans
DE212791,"Getting ""Errors Detected"" for state Export in IAT.",Accepted,3 - Hindering,2 - High Attention,Closed,Hina G,Ranveer Dutta,FY16 - Jan 2016 (Orbis 2.9),2016-01-11 05:34 AM EST,TCS Spartans
DE213674,POD order is not getting searched in POD Reports download.,Accepted,3 - Hindering,2 - High Attention,Closed,Hina G,Ranveer Dutta,FY16 - April 2016 (Orbis 3.1),2016-01-13 07:25 AM EST,TCS Spartans
DE213703,Getting error in Welcome package for POD in IAT.,Accepted,3 - Hindering,2 - High Attention,Closed,Hina G,Manish Veerwal,FY16 - Feb 2016 (Orbis 3.0),2016-01-13 08:16 AM EST,TCS Spartans
DE213705,State drop down in UI for Orders in POD is not coming correctly.,Accepted,4 - Cosmetic,3 - Normal,Closed,Hina G,Manish Veerwal,FY16 - April 2016 (Orbis 3.1),2016-01-13 08:22 AM EST,TCS Spartans
DE214013,Units are not getting pulled for any company for CA key in from paper screening from Orbis.,Accepted,3 - Hindering,2 - High Attention,Closed,Hina G,Samarone Benfica,FY16 - April 2016 (Orbis 3.1),2016-01-14 01:49 AM EST,TCS Minuano
DE216791,POD ORBIS - Order's approval isn't working,Accepted,3 - Hindering,3 - Normal,Closed,Hina G,Ranveer Dutta,FY16 - Feb 2016 (Orbis 3.0),2016-01-22 06:59 AM EST,TCS Spartans
DE216798,Getting error on placing Welcome Package order on POD.,Accepted,3 - Hindering,2 - High Attention,Closed,Hina G,Manish Veerwal,FY16 - Feb 2016 (Orbis 3.0),2016-01-22 07:16 AM EST,TCS Spartans
DE219305,"Getting ""File Not found on Server"" for State Export",Accepted,3 - Hindering,2 - High Attention,Closed,Hina G,Manish Veerwal,FY16 - Feb 2016 (Orbis 3.0),2016-02-01 02:05 AM EST,TCS Spartans
DE219307,Headers and Borders are not coming in FSU and PSN update reports.,Accepted,4 - Cosmetic,2 - High Attention,Submitted,Hina G,Manish Veerwal,FY16 - Feb 2016 (Orbis 3.0),2016-02-01 02:11 AM EST,TCS Spartans
DE219777,Change in Mass Process Count query,Accepted,3 - Hindering,2 - High Attention,Closed,Hina G,Manish Veerwal,FY16 - Feb 2016 (Orbis 3.0),2016-02-02 02:18 AM EST,TCS Spartans
DE220203,"FL state export file is showing ""WA"" with WOTC Welfare and WOTC WTW target groups instead of only ""W""",Accepted,2 - Damaging,2 - High Attention,Closed,Hina G,Manish Veerwal,FY16 - Feb 2016 (Orbis 3.0),2016-02-03 06:20 AM EST,TCS Spartans
DE220205,"US428232 -""No. of records to process"" is showing in esign mass print queue process which is incorrect.",Accepted,2 - Damaging,2 - High Attention,Closed,Hina G,,,2016-02-03 06:24 AM EST,TCS Spartans
DE220208,"US428232 -""No. of records to process"" is showing as enabled in PSN update,generate DOL & COM process.",Accepted,2 - Damaging,2 - High Attention,Closed,Hina G,Manish Veerwal,FY16 - Feb 2016 (Orbis 3.0),2016-02-03 06:28 AM EST,TCS Spartans
DE221439,County name is not populating for MA and UT states in state Export files.,Accepted,2 - Damaging,2 - High Attention,Closed,Hina G,Saurabh S,FY16 - Feb 2016 (Orbis 3.0),2016-02-08 08:38 AM EST,TCS Spartans
DE221446,Long term Unemployed target group is not getting populated for MA and UT.,Defined,2 - Damaging,2 - High Attention,Submitted,Hina G,Manish Veerwal,FY16 - Feb 2016 (Orbis 3.0),2016-02-08 08:49 AM EST,TCS Spartans
DE221474,Employer email and group number (zone) are not getting populated for CA state export file.,Accepted,2 - Damaging,2 - High Attention,Closed,Hina G,Hina G,FY16 - Feb 2016 (Orbis 3.0),2016-02-08 09:51 AM EST,TCS Spartans
DE221663,Getting errors detected for NM State Export,Accepted,2 - Damaging,2 - High Attention,Closed,Hina G,Hina G,FY16 - Feb 2016 (Orbis 3.0),2016-02-09 02:15 AM EST,TCS Spartans
DE221727,County is not pulling for CO based State Export files,Accepted,2 - Damaging,2 - High Attention,Closed,Hina G,Manish Veerwal,FY16 - Feb 2016 (Orbis 3.0),2016-02-09 06:05 AM EST,TCS Spartans
DE221833,Export to Excel is not exporting correct number of records.,Accepted,2 - Damaging,2 - High Attention,Closed,Hina G,Saurabh S,FY16 - April 2016 (Orbis 3.1),2016-02-09 10:09 AM EST,TCS Spartans
DE222079,Getting red error when trying to update the a WOTC E record to Certified.,Accepted,3 - Hindering,2 - High Attention,Closed,Hina G,Manish Veerwal,FY16 - Feb 2016 (Orbis 3.0),2016-02-10 01:26 AM EST,TCS Spartans
DE222088,Getting 404 file not found error on FIT for VA state export.,Accepted,2 - Damaging,2 - High Attention,Closed,Hina G,Ranveer Dutta,FY16 - Feb 2016 (Orbis 3.0),2016-02-10 02:14 AM EST,TCS Spartans
DE222201,Screening gets distorted when Browser mode and Document mode are different i.e. If Browser mode is IE9 and Document mode is IE7 or IE8.,Completed,3 - Hindering,3 - Normal,Fixed,Hina G,Dan Hoffman,FY16 - June(May22) 2016 (Orbis 3.2),2016-02-10 07:35 AM EST,TCS Falcons
DE222914,"When editing a Record ,and going back to the home page,the edited record is not highlighted blue.",Accepted,4 - Cosmetic,2 - High Attention,Submitted,Hina G,Dan Hoffman,FY16 - June(May22) 2016 (Orbis 3.2),2016-02-12 04:15 AM EST,TCS Spartans
DE223322,State Export Enhancements in 3.1,Accepted,4 - Cosmetic,3 - Normal,Closed,Hina G,Ranveer Dutta,FY16 - April 2016 (Orbis 3.1),2016-02-15 07:05 AM EST,TCS Spartans
DE223675,"IL state export file is pulling ""/"" for certain fields which is incorrect.",Accepted,3 - Hindering,2 - High Attention,Closed,Hina G,Saurabh S,FY16 - Feb 2016 (Orbis 3.0),2016-02-16 04:13 AM EST,TCS Spartans
DE223677,"For IL state export file, these fields should be populated blank.",Accepted,2 - Damaging,2 - High Attention,Closed,Hina G,Saurabh S,FY16 - Feb 2016 (Orbis 3.0),2016-02-16 04:18 AM EST,TCS Spartans
DE223679,IL state Export file-Certain fields are populating incorrectly which were working fine earlier.,Accepted,2 - Damaging,2 - High Attention,Closed,Hina G,Ranveer Dutta,FY16 - Feb 2016 (Orbis 3.0),2016-02-16 04:22 AM EST,TCS Spartans
DE224092,Report-Activity Report-WOTC percentage is crossing 100% in IPE environment.,Accepted,2 - Damaging,3 - Normal,Fixed,Hina G,abhishek k,FY16 - April 2016 (Orbis 3.1),2016-02-17 04:52 AM EST,TCS Falcons
DE224547,"For wotc certs and pending at state report,the word wotc should be in caps ""WOTC""",Accepted,4 - Cosmetic,3 - Normal,Closed,Hina G,Ranveer Dutta,FY16 - April 2016 (Orbis 3.1),2016-02-18 09:13 AM EST,TCS Spartans
DE231856,"As per US440673 , name text of the upload shapefile dialog should be changed to ""Upload Shapefile"" (currently is ""Upload Shape File"")",Accepted,4 - Cosmetic,3 - Normal,Closed,Hina G,Ankita N,FY16 - April 2016 (Orbis 3.1),2016-03-16 06:49 AM EDT,TCS Mavericks
DE231865,"""Chose Zip file "" is not showing on Upload shape file popup once you upload the shape file.",In-Progress,4 - Cosmetic,3 - Normal,Submitted,Hina G,Shantanu N,FY16 - June18 2016 (Orbis 3.3),2016-03-16 07:03 AM EDT,TCS Mavericks
DE232190,Multiple entries are getting created for a single Unit.,Accepted,4 - Cosmetic,2 - High Attention,Submitted,Hina G,Prashant D,FY16 - April 2016 (Orbis 3.1),2016-03-17 03:59 AM EDT,TCS Mavericks
DE232296,"Geocode status in Unit search should not have ""Bad Address"" as the option since this option has been removed  from Orbis Client Setup Unit level field",Accepted,3 - Hindering,2 - High Attention,Closed,Hina G,Ankita N,FY16 - April 2016 (Orbis 3.1),2016-03-17 09:07 AM EDT,TCS Mavericks
DE232507,Unit details are not appearing.,Backlog,3 - Hindering,2 - High Attention,Submitted,Hina G,thauan.minetto,FY16 - April 2016 (Orbis 3.1),2016-03-18 02:28 AM EDT,AVS TCS
DE232511,Getting Red error when trying to access Zone management from ADP administration.Refer attachment.,Accepted,2 - Damaging,2 - High Attention,Closed,Hina G,Ankita N,FY16 - April 2016 (Orbis 3.1),2016-03-18 02:38 AM EDT,TCS Mavericks
DE232552,Unit level export to excel is not showing Zone Eligibility Status in the exported results.,Defined,3 - Hindering,2 - High Attention,Closed,Hina G,Prashant D,FY16 - June18 2016 (Orbis 3.3),2016-03-18 06:04 AM EDT,TCS Mavericks
DE233089,Notes given in Veteran food stamp during screening are coming in HUB under saved notes section.,Accepted,4 - Cosmetic,2 - High Attention,Closed,Hina G,Hina G,FY16 - April 2016 (Orbis 3.1),2016-03-21 10:29 AM EDT,TCS Spartans
DE233102,Getting red error after uploading shape file in FIT.,Accepted,3 - Hindering,2 - High Attention,Closed,Hina G,Prashant D,FY16 - June(May22) 2016 (Orbis 3.2),2016-03-21 10:49 AM EDT,TCS Mavericks
DE234370,"For address which lies inside buffer,the zone eligibility status is showing outside buffer.",Accepted,3 - Hindering,2 - High Attention,Submitted,Hina G,Prashant D,FY16 - June(May22) 2016 (Orbis 3.2),2016-03-24 09:55 AM EDT,TCS Mavericks
DE235510,Double scroll bar are appearing on the side of the screen.,Backlog,4 - Cosmetic,3 - Normal,Submitted,Hina G,Dan Hoffman,FY17 - August12 2016 (Orbis 3.4),2016-03-30 03:58 AM EDT,TCS Falcons
DE238221,"PSN Update, Generate DOL & COM is showing a yellow warning.",Accepted,3 - Hindering,2 - High Attention,Closed,Hina G,Saurabh S,FY16 - June(May22) 2016 (Orbis 3.2),2016-04-09 07:35 AM EDT,TCS Spartans
DE244469,Getting red error when navigating from status to questions tab after updating  target group.,Accepted,3 - Hindering,2 - High Attention,Closed,Hina G,Saurabh S,FY16 - June(May22) 2016 (Orbis 3.2),2016-05-02 03:41 AM EDT,TCS Spartans
DE244505,Target groups are getting enabled for screened eligible records but they should not be enabled for editing just like the questions tab.,Accepted,4 - Cosmetic,3 - Normal,Closed,Hina G,Saurabh S,FY16 - June(May22) 2016 (Orbis 3.2),2016-05-02 06:53 AM EDT,TCS Spartans
DE244513,"Target group updation hangs when user first updates notes,documents and then target groups.",Accepted,3 - Hindering,2 - High Attention,Submitted,Hina G,Saurabh S,FY16 - June(May22) 2016 (Orbis 3.2),2016-05-02 07:15 AM EDT,TCS Spartans
DE244869,"Getting ""technical error occurred "" error when trying to update questions tab of an ineligible record.",Accepted,3 - Hindering,2 - High Attention,Closed,Hina G,Saurabh S,FY16 - June(May22) 2016 (Orbis 3.2),2016-05-03 02:58 AM EDT,TCS Spartans
DE244893,Updated Target group is not getting saved in HUB after the SSN is loaded again from HUB page.,Accepted,3 - Hindering,2 - High Attention,Closed,Hina G,Saurabh S,FY16 - June(May22) 2016 (Orbis 3.2),2016-05-03 03:59 AM EDT,TCS Spartans
DE245095,WOTC Status is changing to QD from Ineligible when questions are updated.,Accepted,2 - Damaging,2 - High Attention,Submitted,Hina G,Manish Veerwal,FY16 - June(May22) 2016 (Orbis 3.2),2016-05-03 11:03 AM EDT,TCS Spartans
DE245380,Duplicate records are displayed on the report.,Accepted,2 - Damaging,2 - High Attention,Closed,Hina G,Sunmit G,FY16 - June(May22) 2016 (Orbis 3.2),2016-05-04 04:23 AM EDT,TCS Spartans
DE246304,Export to Excel is not working in FIT .,Accepted,2 - Damaging,2 - High Attention,Closed,Hina G,Sunmit G,FY16 - June(May22) 2016 (Orbis 3.2),2016-05-06 02:45 AM EDT,TCS Spartans
DE246326,Employee signature date is not getting saved for POH key in record.,Accepted,3 - Hindering,2 - High Attention,Closed,Hina G,Saurabh S,FY16 - June3 2016 (Orbis 3.2.1) - critical BO swap only if needed,2016-05-06 04:10 AM EDT,TCS Spartans
DE246722,The scroll bar disappears in HUB in particular criteria.,Accepted,3 - Hindering,2 - High Attention,Closed,Hina G,Shantanu N,FY16 - June(May22) 2016 (Orbis 3.2),2016-05-09 01:37 AM EDT,TCS Falcons
DE246776,"Colorado Based State Files (AL, DC, OR, CO, AR, OK)  –  The work state is missing before the employee sig. date.",Accepted,2 - Damaging,2 - High Attention,Closed,Hina G,Saurabh S,FY16 - June(May22) 2016 (Orbis 3.2),2016-05-09 06:47 AM EDT,TCS Spartans
DE247116,Esign date for non wotc records is not getting updated on Main detail page after saving in edit page.,Accepted,4 - Cosmetic,3 - Normal,Closed,Hina G,Saurabh S,FY16 - June3 2016 (Orbis 3.2.1) - critical BO swap only if needed,2016-05-10 03:23 AM EDT,TCS Spartans
DE247272,Ticket to work is not fetching T for vocational rehab target group for FL,Accepted,3 - Hindering,2 - High Attention,Closed,Hina G,Saurabh S,FY16 - June(May22) 2016 (Orbis 3.2),2016-05-10 09:58 AM EDT,TCS Spartans
DE247598,Wrong users logged in History tables - orbis,Accepted,2 - Damaging,2 - High Attention,Closed,Hina G,Ranveer Dutta,FY16 - June(May22) 2016 (Orbis 3.2),2016-05-11 04:19 AM EDT,TCS Spartans
DE248104,"For screenings done through HUB,the documents uploaded username is shown as Default User which is incorrect.",Backlog,2 - Damaging,2 - High Attention,Submitted,Hina G,Pablo Budke,FY17 - August12 2016 (Orbis 3.4),2016-05-12 09:10 AM EDT,TCS Falcons
DE248130,Employee details in History is showing wrong username,Accepted,2 - Damaging,2 - High Attention,Closed,Hina G,Biju S,FY16 - June18 2016 (Orbis 3.3),2016-05-12 09:48 AM EDT,TCS Falcons
DE250289,"When we change the eligibility of a record by updating Questions,then the history shows all the target group updates.",Backlog,4 - Cosmetic,3 - Normal,Submitted,Hina G,Manish Veerwal,FY17 - August12 2016 (Orbis 3.4),2016-05-20 05:45 AM EDT,TCS Spartans
DE251371,Pagination in HUB is not coming properly.,Backlog,3 - Hindering,2 - High Attention,Open,Hina G,Shantanu N,FY17 - August12 2016 (Orbis 3.4),2016-05-25 03:25 AM EDT,TCS Spartans
DE251435,Eligibility by changing questions in HUB is not getting triggered in case the screening is opted out.,Accepted,2 - Damaging,2 - High Attention,Closed,Hina G,Manish Veerwal,FY16 - June3 2016 (Orbis 3.2.1) - critical BO swap only if needed,2016-05-25 06:41 AM EDT,TCS Spartans
DE253049,Records are not getting generated in POH keyed report.,Accepted,2 - Damaging,2 - High Attention,Submitted,Hina G,Saurabh S,FY16 - June3 2016 (Orbis 3.2.1) - critical BO swap only if needed,2016-06-01 03:14 AM EDT,TCS Spartans
DE253102,Wotc at Agency with TG and wotc at unit with TG Reports in HUB do not have all the sub status in drop down.,Accepted,3 - Hindering,2 - High Attention,Closed,Hina G,Saurabh S,FY16 - June18 2016 (Orbis 3.3),2016-06-01 06:53 AM EDT,TCS Spartans
DE253133,"Getting ""error detected"" when tried to do state export for TX state.",Accepted,2 - Damaging,2 - High Attention,Submitted,Hina G,Ranveer Dutta,FY16 - June3 2016 (Orbis 3.2.1) - critical BO swap only if needed,2016-06-01 09:09 AM EDT,TCS Spartans
DE253157,Record is not getting fetched for mass process.,Accepted,2 - Damaging,2 - High Attention,Closed,Hina G,Manish Veerwal,FY16 - June3 2016 (Orbis 3.2.1) - critical BO swap only if needed,2016-06-01 09:57 AM EDT,TCS Spartans
DE253240,Grouping of records is not displayed correctly on report CA Detail for all Status.,Accepted,3 - Hindering,2 - High Attention,Closed,Hina G,Saurabh S,FY16 - June18 2016 (Orbis 3.3),2016-06-01 01:19 PM EDT,TCS Spartans
DE253387,Getting error for call in screening in IAT.,Accepted,2 - Damaging,2 - High Attention,Closed,Hina G,Pablo Budke,FY16 - June3 2016 (Orbis 3.2.1) - critical BO swap only if needed,2016-06-02 05:42 AM EDT,TCS Minuano
DE253406,Report download sequence is different in IAT than in FIT.,Accepted,4 - Cosmetic,3 - Normal,Closed,Hina G,Ranveer Dutta,FY16 - June18 2016 (Orbis 3.3),2016-06-02 07:02 AM EDT,TCS Spartans
DE254029,"For FL state,long term family assistance and welfare to work should show IW in TG if answer is yes to this question.",Accepted,2 - Damaging,2 - High Attention,Closed,Hina G,Saurabh S,FY16 - June18 2016 (Orbis 3.3),2016-06-06 03:51 AM EDT,TCS Spartans
DE254723,"After entering age on screening,the age is not editable if we try to delete it using backspace button.",Accepted,4 - Cosmetic,3 - Normal,Closed,Hina G,Shantanu N,FY16 - June18 2016 (Orbis 3.3),2016-06-08 05:43 AM EDT,TCS Falcons
DE255051,Getting Zero for column 33 for state PA.,Accepted,1 - Catastrophic,2 - High Attention,Closed,Hina G,Saurabh S,FY16 - June18 2016 (Orbis 3.3),2016-06-09 03:55 AM EDT,TCS Spartans
DE255054,Questions are not coming for NY_YW for web in screening.,Accepted,2 - Damaging,2 - High Attention,Closed,Hina G,Manish Veerwal,FY16 - June18 2016 (Orbis 3.3),2016-06-09 04:11 AM EDT,TCS Spartans
DE255422,NY_YW eligibility not getting triggered when changing questions.,Accepted,3 - Hindering,2 - High Attention,Closed,Hina G,Manish Veerwal,FY16 - June18 2016 (Orbis 3.3),2016-06-10 07:06 AM EDT,TCS Spartans
DE256079,Months are getting displayed in questions tab.,Backlog,4 - Cosmetic,3 - Normal,Submitted,Hina G,Ranveer Dutta,FY17 - August12 2016 (Orbis 3.4),2016-06-14 03:20 AM EDT,TCS Spartans
